Title,Description,Country,Cover Image URL,Related Video URL,Created Date
How to Get Your Phone China-Ready (Apps & Download Tips)?,"ğŸ—ºï¸Google Mapsï¼šApple App Storeï¼›Google Playï¼›Official site (maps.google.com) 
ğŸ›œExpressVPNï¼šApple App Storeï¼›Google Playï¼›Official site (expressvpn.com) 
ğŸ’™Alipayï¼šApple App Storeï¼›Google Playï¼›Official site (mobile.alipay.com) 
ğŸ’šWeChatï¼šApple App Storeï¼›Google Playï¼›Official site (weixin.qq.com) 
ğŸ¨Trip.comï¼šApple App Storeï¼›Google Playï¼›Official site (trip.com)
ğŸš•Didiï¼šDidiï¼šApple App Storeï¼›Google Playï¼›Official site (didiglobal.com)",China,https://res.cloudinary.com/dkv6zeutb/image/upload/v1758426566/IMG_3107_guyo4d.jpg,,"17/09/2025, 08:01:30"
How to Get a FREE Visa to China?,"China offers a 240-hour free transit visa for eligible short-stay travelers. Before you fly, confirm your nationality, permitted entry ports, and allowed travel zones on the official policy page: https://en.nia.gov.cn/n147413/c183100/content.html .Each stay must be under 240 hours and you must hold a confirmed onward ticket to a third country or region (you canâ€™t just fly back to your origin). Thereâ€™s no hard cap on repeat use if you meet the rules. Save screenshots/print your tickets, hotel confirmations, and the policy, and be polite and clear with immigration officers.",China,https://res.cloudinary.com/dkv6zeutb/image/upload/v1755869465/image_ikxria.png,https://youtu.be/msLfRGKWHLQ,"22/08/2025, 14:53:14"
How to get mobile data in China using eSIM?,"Want stable and affordable mobile data in China? eSIM is the solution. Sign up for Nomad eSIM before your trip and check your deviceâ€™s compatibility. Choose an unlimited throttled plan with hotspot tethering. Set up the eSIM before you arrive, as Nomadâ€™s website is blocked in China. If needed, use a VPN to activate it after landing. With this setup, you can stay connected without the hassle of a physical SIM card. For detailed installation, check out the tutorial video.",China,https://res.cloudinary.com/dkv6zeutb/image/upload/v1755874705/image_20250822225739_b24923410952267edefbcf0c0006495d_u2gdoy.jpg,https://www.youtube.com/watch?v=k6ZKl58nlT0,"22/08/2025, 14:52:41"
How to Get Mobile Data in China â€” eSIM or SIM?,"Need data in China? eSIM is highly recommended. But if your phone lacks eSIM, grab a mainland SIM for stable coverage. Airport SIMs are instant but costlierâ€”buy cheaper in the city. Avoid Wuyishan Airport. For more detail, watch the quick demo below.
PS: If you swap to a new Chinese SIM after arrival, update your appsâ€™ phone bindings (WeChat, Alipay, ride/booking apps). Go to each appâ€™s Account/Settings â†’ Phone Number, enter the new number and complete SMS verification so payments and bookings keep working.",China,https://res.cloudinary.com/dkv6zeutb/image/upload/v1755874471/image_20250822225403_d97097cbae2c51a9e5cb8a19cfd16933_ayndlb.jpg,https://www.youtube.com/watch?v=lCeDpR5U8Qk,"22/08/2025, 14:52:10"
"How to access Google, TikTok and Instagram in China?","Having trouble accessing Instagram, Google, or other blocked apps in China? A reliable VPN solves that. Install ExpressVPN on all your devices before you arrive (its site is blocked in mainland China). Disable auto-renew before your trip ends to avoid surprise charges, save the support email and setup screenshots, and keep a backup VPN (we recommend VPN.ac) in case of issues. Expect slower or dropped connections in remote areas like Xinjiang or Tibet, but ExpressVPN generally offers the most stable performance. Watch the setup tutorial if you need.",China,https://res.cloudinary.com/dkv6zeutb/image/upload/v1755874137/image_20250822224828_178d57b6ed9d5639a3454f0286936d47_kqt5md.jpg,https://www.youtube.com/watch?v=4s4junY5IxM,"22/08/2025, 14:49:15"
How to Pay in China?,"China is ~90% cashlessâ€”no Alipay, big headaches. Download Alipay before you go (iPhone: App Store; Android: Google Play or APK at https://mobile.alipay.com). Do not install the Hong Kong versionâ€”mini-apps wonâ€™t work. Link your phone number (turn on intl roaming or grab a mainland SIM if SMS codes donâ€™t arrive). Carry small bills (Â¥1/5/10/20) for street food and use Bank of China ATMs for cash (they dispense cash before returning your cardâ€”donâ€™t forget it!). Tell your bank youâ€™ll be in China to avoid card blocks.",China,https://res.cloudinary.com/dkv6zeutb/image/upload/v1755873708/image_20250822224114_28c44a3c370d2811ecff913af5ede154_xcixuc.jpg,https://youtu.be/3xEM6Hkn_EY,"22/08/2025, 14:42:08"
How do I use QR codes to order food in China?,"Most fast-casual spots use QR-code self-orderingâ€”so get your WeChat ready. Install the latest WeChat (App Store / Google Play / APK), link your bank under â€œChats â†’ + â†’ Money,â€ and enable international roaming or get a mainland SIM for SMS verification. At the table, tap â€œChats â†’ + â†’ Scan,â€ open the order page, then â€œâ‹¯ â†’ Translateâ€ to read the menu. Pay by scanning the merchantâ€™s code or showing your own QR in â€œMoney.â€ For tricky names, use a photo+voice translation app. If you haven't got your WeChat ready, check out the vid.",China,https://res.cloudinary.com/dkv6zeutb/image/upload/v1755873479/image_20250822223724_be2189f047ab711532be6910c3fdabd0_dmxaxh.jpg,https://www.youtube.com/watch?v=9zK4ZElfstc&t=1s,"22/08/2025, 14:38:39"
How to Get INSTANT Tax Refund in China?,"Chinaâ€™s VAT-refund system is super smoothâ€”shop and refund on the go. Look for the â€œTax Refundâ€ sign: many participating stores offer IMMEDIATE in-city refunds. Remember your purchases must leave China within 90 days or you may need to repay the tax. Always keep every original invoice and refund form. If instant refund isnâ€™t available, claim VAT at your departure hall before you leaveâ€”allow extra time at check-in. Full official guide: https://flbook.com.cn/c/SuJZRw1HsO",China,https://res.cloudinary.com/dkv6zeutb/image/upload/v1755872964/IMG_2964_xtiphl.jpg,https://www.youtube.com/watch?v=apT4G0jxiFE,"22/08/2025, 14:29:40"
How to Book Travel & Stay in Chinaï¼Ÿ,"Alipay can book flights, high-speed trains, hotels and attraction tickets all in one placeâ€”no extra apps required. Remember real-name verification is mandatory for bookings; during train peak seasons book 3â€“5 days ahead and reserve popular attractions 1â€“3 days (7 days for places like the Forbidden City). If you canâ€™t find the booking page, search â€œTripâ€ in Alipay and â˜†-favorite the mini program. Most train and attraction tickets are e-ticketsâ€”keep screenshots of bookings and carry your passport for manned-counter assistance if needed.",China,https://res.cloudinary.com/dkv6zeutb/image/upload/v1755872184/image_20250822221551_766171bcf4a48a5606e80d764c945dff_oz9je6.jpg,https://www.youtube.com/watch?v=BHz5M9Cuyfg&t=8s,"22/08/2025, 14:16:37"
How to Navigate in China?,"With VPN on, Google Maps covers all your basic navigation needsâ€”walking routes, place names, landmarks, and cross-street orientation all work just fine. So make sure you have your VPN ready for it!",China,https://res.cloudinary.com/dkv6zeutb/image/upload/v1755871880/image_20250822221045_cfa74c445ba12be408d9073914bc29cc_yklnxh.jpg,https://www.youtube.com/watch?v=-fgwiKLswUY,"22/08/2025, 14:11:34"
How to Ride Shared Bikes in China?,"Alipay covers all my transport needsâ€”rides, tickets, and bike-shareâ€”in one app. âš¡ï¸ Note: Alipay only unlocks blue public bikes; yellow and green bikes require WeChatâ€™s scanner.",China,https://res.cloudinary.com/dkv6zeutb/image/upload/v1755871600/image_20250822220608_4dbd309f3761562be25633488741e43b_g6xtcz.jpg,https://www.youtube.com/watch?v=-fgwiKLswUY,"22/08/2025, 14:07:04"
How to Hail a Uber(Didi) in China?,"Didi is Chinaâ€™s Uber â€” fares are cheaper than youâ€™d expect; avoid rush hour to save time. Open Alipay, search the â€œDidiâ€ mini-program to book and pay cashless with one tap. After you get in the car, show the driver the last four digits of the phone number used for the booking to confirm.",China,https://res.cloudinary.com/dkv6zeutb/image/upload/v1755871285/image_20250822220004_6ae7fb284e0abf031cf7c6a41efdc601_m4eadh.jpg,https://www.youtube.com/watch?v=-fgwiKLswUY,"22/08/2025, 14:02:10"
How to Communicate in China Without Mandarin?,"Not a Mandarin speaker? No sweatâ€”locals are friendly and tech fills the gaps. Start by learning a few simple hand gestures and phrases (like â€œnÇ hÇo,â€ â€œxiÃ¨xie,â€ and â€œqÇngwÃ¨nâ€) so people want to help. Next, preload a reliable translation app (Google Translate, Apple Translate, or Alipayâ€™s built-in tool) and download offline language packs for no-signal situations. When you need higher accuracy, consider paid apps like Translate Now or iTranslate. For quick demos on gestures and basics, watch the walkthrough.",China,https://res.cloudinary.com/dkv6zeutb/image/upload/v1755870575/image_20250822214903_5d15abf4e02ba5a4dbb1311c3880582b_auxmcb.jpg,https://www.youtube.com/watch?v=aV17ghJrmQo,"22/08/2025, 13:51:06"
How to Get Emergency Help in China?,"Call local emergency services immediately: 120 (ambulance), 110 (police), 119 (fire), 122 (traffic accidents). Give a clear address or nearby landmark. Also save your countryâ€™s embassy/consulate number and your travel insurance 24/7 emergency hotline â€” insurers can help arrange care or advance payments.",China,https://res.cloudinary.com/dkv6zeutb/image/upload/v1755870397/image_20250822214559_12f1dab31c7b6689a310a30f1be01b7f_q6zbo4.jpg,https://youtube.com/shorts/glZm4tL3mZ0?si=l_HQUuYqA7y4L4-X,"22/08/2025, 13:47:11"